r_xy_mm,phi_deg,z_mm,spiral,order_idx
98,-174.7,-153,forward,0
106,-172.9,-140,reverse,1
103,-173.6,-15,forward,2
90,-174.0,-1,reverse,3
102,-170.4,170,reverse,4
104,-172.5,124,forward,5
96,-167.5,117,reverse,6
92,-167.7,91,forward,7
110,-172.2,84,reverse,8
101,-170.7,38,forward,9
99,-169.3,31,reverse,10
105,-165.9,5,forward,11
97,-166.4,-22,reverse,12
102,-168.9,-48,forward,13
89,-171.1,-54,reverse,14
94,-171.8,-101,forward,15
108,-168.2,-107,reverse,16
94,-167.0,-133,forward,17
98,-165.2,-160,reverse,18
100,-162.3,-166,forward,19
91,-160.5,-127,reverse,20
94,-159.4,-113,forward,21
96,-164.1,-80,forward,22
98,-163.4,-75,reverse,23
112,-158.7,-42,reverse,24
104,-161.2,-27,forward,25
92,-161.6,11,reverse,26
108,-158.3,25,forward,27
106,-163.0,58,forward,28
102,-164.5,64,reverse,29
92,-159.8,97,reverse,30
98,-160.1,111,forward,31
96,-164.8,144,forward,32
99,-162.7,150,reverse,33
100,-157.1,164,forward,34
91,-150.3,162,reverse,35
107,-152.4,131,forward,36
90,-155.1,129,reverse,37
109,-155.3,78,forward,38
100,-152.2,76,reverse,39
89,-150.6,46,forward,40
101,-156.9,44,reverse,41
92,-153.5,-7,forward,42
88,-154.0,-9,reverse,43
112,-156.5,-60,forward,44
98,-151.0,-62,reverse,45
101,-151.7,-93,forward,46
97,-155.8,-95,reverse,47
89,-154.6,-146,forward,48
99,-152.8,-148,reverse,49
89,-145.2,-168,reverse,50
94,-147.0,-126,forward,51
112,-148.1,-115,reverse,52
99,-143.4,-82,reverse,53
108,-144.1,-73,forward,54
103,-148.8,-40,forward,55
97,-146.3,-29,reverse,56
106,-145.9,13,forward,57
111,-149.2,24,reverse,58
101,-144.5,56,reverse,59
107,-142.9,66,forward,60
89,-147.7,99,forward,61
99,-147.4,109,reverse,62
100,-142.7,142,reverse,63
104,-144.7,152,forward,64
103,-137.9,175,reverse,65
101,-137.1,172,forward,66
94,-140.0,119,forward,67
91,-139.8,89,reverse,68
109,-135.3,86,forward,69
109,-136.8,36,reverse,70
106,-138.2,33,forward,71
95,-141.6,3,reverse,72
108,-141.1,-20,forward,73
105,-138.6,-50,reverse,74
101,-136.4,-52,forward,75
93,-135.7,-102,reverse,76
102,-139.3,-105,forward,77
107,-140.4,-135,reverse,78
99,-142.2,-158,forward,79
92,-129.8,-171,forward,80
93,-132.8,-155,reverse,81
98,-134.6,-138,forward,82
91,-128.0,-123,reverse,83
101,-131.7,-85,forward,84
105,-131.0,-70,reverse,85
92,-128.7,-32,forward,86
109,-133.9,-17,reverse,87
88,-133.5,0,forward,88
99,-129.2,16,reverse,89
94,-130.5,53,forward,90
91,-132.1,69,reverse,91
95,-127.6,106,forward,92
93,-135.0,122,reverse,93
101,-132.3,139,forward,94
100,-130.3,154,reverse,95
89,-124.7,159,forward,96
88,-122.6,134,reverse,97
102,-127.4,101,reverse,98
97,-122.9,74,forward,99
109,-124.4,49,reverse,100
99,-125.8,21,forward,101
110,-121.5,-4,reverse,102
111,-121.1,-12,forward,103
99,-126.2,-37,reverse,104
105,-124.0,-65,forward,105
98,-123.3,-90,reverse,106
112,-126.9,-118,forward,107
91,-120.4,-143,reverse,108
100,-122.2,-151,forward,109
100,-112.7,-163,reverse,110
111,-114.5,-130,forward,111
100,-115.6,-110,reverse,112
110,-119.3,-98,forward,113
99,-118.6,-57,reverse,114
88,-116.3,-45,forward,115
90,-113.8,-25,reverse,116
100,-113.4,8,forward,117
100,-116.8,28,reverse,118
101,-118.1,41,forward,119
100,-119.7,81,reverse,120
96,-115.2,94,forward,121
102,-115.0,114,reverse,122
107,-119.9,127,forward,123
94,-117.9,167,reverse,124
98,-110.2,147,reverse,125
92,-112.3,147,forward,126
88,-107.5,114,forward,127
106,-107.3,94,reverse,128
88,-110.5,61,forward,129
100,-112.0,61,reverse,130
103,-105.7,28,forward,131
105,-109.1,8,reverse,132
94,-108.7,-25,forward,133
94,-106.2,-45,reverse,134
90,-110.9,-77,reverse,135
97,-111.6,-77,forward,136
91,-106.9,-110,forward,137
100,-108.0,-130,reverse,138
91,-109.8,-163,forward,139
104,-100.3,-151,reverse,140
104,-102.1,-143,forward,141
107,-103.2,-98,reverse,142
92,-99.2,-90,forward,143
111,-98.5,-65,reverse,144
97,-103.9,-57,forward,145
109,-101.4,-12,reverse,146
104,-101.0,-4,forward,147
92,-104.4,41,reverse,148
107,-98.1,49,forward,149
88,-99.6,74,reverse,150
111,-102.8,81,forward,151
112,-102.6,127,reverse,152
94,-99.9,134,forward,153
108,-97.8,159,reverse,154
98,-104.6,167,forward,155
96,-92.2,154,forward,156
107,-90.2,139,reverse,157
106,-94.9,106,reverse,158
104,-95.1,101,forward,159
111,-90.4,69,forward,160
110,-92.0,53,reverse,161
90,-96.7,21,reverse,162
99,-93.3,16,forward,163
111,-93.8,-32,reverse,164
103,-96.3,-37,forward,165
94,-91.5,-70,forward,166
97,-90.8,-85,reverse,167
107,-95.6,-118,reverse,168
108,-94.5,-123,forward,169
101,-92.7,-171,reverse,170
92,-89.7,-155,forward,171
90,-87.9,-138,reverse,172
94,-83.2,-105,reverse,173
106,-86.8,-102,forward,174
108,-86.1,-52,reverse,175
104,-83.9,-50,forward,176
91,-88.6,-17,forward,177
105,-89.0,0,reverse,178
95,-84.3,33,reverse,179
110,-85.7,36,forward,180
112,-87.2,86,reverse,181
111,-82.7,89,forward,182
112,-87.5,122,forward,183
106,-85.4,172,reverse,184
109,-84.6,175,forward,185
109,-77.8,152,reverse,186
97,-79.8,142,forward,187
112,-82.5,119,reverse,188
107,-75.1,109,forward,189
92,-79.6,66,reverse,190
101,-78.0,56,forward,191
112,-76.6,13,reverse,192
108,-80.9,3,forward,193
96,-81.4,-20,reverse,194
105,-76.2,-29,forward,195
89,-78.4,-73,reverse,196
107,-79.1,-82,forward,197
88,-75.5,-126,reverse,198
90,-82.1,-135,forward,199
90,-80.3,-158,reverse,200
89,-77.3,-168,forward,201
110,-69.7,-148,forward,202
89,-67.9,-146,reverse,203
103,-74.4,-115,forward,204
100,-70.8,-93,reverse,205
106,-71.5,-62,forward,206
95,-73.7,-40,reverse,207
111,-68.5,-9,forward,208
111,-69.0,-7,reverse,209
95,-73.3,24,forward,210
93,-71.9,46,reverse,211
108,-70.3,76,forward,212
109,-74.8,99,reverse,213
112,-70.1,131,reverse,214
112,-72.2,162,forward,215
89,-65.4,164,reverse,216
104,-67.4,129,forward,217
94,-62.4,111,reverse,218
96,-62.7,97,forward,219
88,-67.2,78,reverse,220
88,-65.6,44,forward,221
94,-64.2,25,reverse,222
105,-60.9,11,forward,223
109,-61.3,-27,reverse,224
104,-63.8,-42,forward,225
89,-66.0,-60,reverse,226
95,-66.7,-95,forward,227
109,-63.1,-113,reverse,228
90,-62.0,-127,forward,229
95,-60.2,-166,reverse,230
107,-57.3,-160,forward,231
99,-55.5,-133,reverse,232
97,-54.3,-107,forward,233
90,-58.4,-80,reverse,234
108,-59.1,-75,forward,235
95,-53.6,-48,reverse,236
91,-56.1,-22,forward,237
109,-56.6,5,reverse,238
102,-53.2,31,forward,239
109,-59.5,58,reverse,240
91,-58.0,64,forward,241
98,-54.8,91,reverse,242
95,-55.0,117,forward,243
93,-57.7,144,reverse,244
91,-59.8,150,forward,245
96,-52.1,170,forward,246
101,-45.3,156,reverse,247
106,-47.4,137,forward,248
105,-50.0,124,reverse,249
97,-50.3,84,forward,250
106,-47.1,71,reverse,251
111,-45.6,51,forward,252
100,-51.8,38,reverse,253
89,-48.5,-1,forward,254
104,-48.9,-15,reverse,255
101,-51.4,-54,forward,256
105,-46.0,-68,reverse,257
92,-46.7,-87,forward,258
112,-50.7,-101,reverse,259
94,-49.6,-140,forward,260
96,-47.8,-153,reverse,261
91,-40.1,-174,reverse,262
107,-44.9,-173,forward,263
102,-43.1,-121,reverse,264
104,-41.9,-120,forward,265
89,-38.3,-88,reverse,266
97,-39.0,-67,forward,267
93,-41.3,-35,reverse,268
101,-43.7,-34,forward,269
105,-44.2,18,reverse,270
95,-40.8,19,forward,271
102,-39.4,51,reverse,272
99,-37.9,72,forward,273
112,-42.4,103,reverse,274
90,-42.6,104,forward,275
93,-37.6,136,reverse,276
112,-39.7,157,forward,277
100,-32.9,169,reverse,278
109,-35.0,125,forward,279
90,-30.2,92,forward,280
96,-34.7,83,reverse,281
97,-33.2,39,forward,282
94,-31.8,30,reverse,283
88,-36.5,-2,reverse,284
107,-36.1,-14,forward,285
102,-31.3,-47,forward,286
110,-33.6,-55,reverse,287
111,-34.3,-100,forward,288
104,-30.7,-108,reverse,289
97,-35.4,-141,reverse,290
110,-37.2,-152,forward,291
108,-24.8,-165,forward,292
106,-27.7,-161,reverse,293
105,-29.5,-132,forward,294
104,-23.0,-128,reverse,295
110,-26.6,-79,forward,296
108,-25.9,-76,reverse,297
110,-23.7,-26,forward,298
103,-28.9,-23,reverse,299
103,-28.4,6,forward,300
105,-24.1,10,reverse,301
90,-25.5,59,forward,302
112,-27.0,63,reverse,303
102,-22.6,112,forward,304
93,-30.0,116,reverse,305
100,-27.3,145,forward,306
110,-25.2,149,reverse,307
92,-19.6,165,forward,308
102,-17.6,128,reverse,309
93,-22.3,96,reverse,310
97,-17.8,79,forward,311
111,-19.4,43,reverse,312
109,-20.8,26,forward,313
93,-16.0,-6,forward,314
96,-16.5,-10,reverse,315
97,-21.2,-43,reverse,316
104,-18.9,-59,forward,317
98,-18.3,-96,reverse,318
101,-21.9,-112,forward,319
90,-17.1,-145,forward,320
111,-15.3,-149,reverse,321
89,-7.7,-169,reverse,322
98,-9.5,-125,forward,323
107,-10.6,-116,reverse,324
101,-14.2,-92,forward,325
96,-13.5,-63,reverse,326
99,-11.3,-39,forward,327
91,-8.8,-30,reverse,328
103,-8.4,14,forward,329
96,-11.7,23,reverse,330
100,-13.1,47,forward,331
105,-14.6,76,reverse,332
88,-10.2,100,forward,333
105,-9.9,108,reverse,334
89,-14.9,132,forward,335
95,-12.8,161,reverse,336
89,-0.4,174,reverse,337
97,-7.2,152,forward,338
110,-5.2,141,reverse,339
109,-2.5,120,forward,340
108,-2.2,88,reverse,341
91,-5.4,67,forward,342
101,-7.0,55,reverse,343
111,-0.7,34,forward,344
103,-4.1,2,reverse,345
101,-3.6,-19,forward,346
109,-1.1,-51,reverse,347
89,-6.5,-72,forward,348
103,-5.9,-83,reverse,349
90,-1.8,-104,forward,350
105,-2.9,-136,reverse,351
89,-4.7,-157,forward,352
97,4.7,-156,reverse,353
93,2.9,-137,forward,354
99,1.8,-103,reverse,355
109,5.9,-84,forward,356
96,6.5,-71,reverse,357
101,1.1,-51,forward,358
107,3.6,-18,reverse,359
88,4.0,1,forward,360
106,0.7,35,reverse,361
103,7.0,54,forward,362
110,5.4,68,reverse,363
95,2.2,87,forward,364
90,2.5,121,reverse,365
101,5.2,140,forward,366
95,7.2,153,reverse,367
102,0.4,173,forward,368
108,12.8,160,forward,369
101,14.9,133,reverse,370
93,9.9,107,forward,371
93,10.2,101,reverse,372
108,14.6,75,forward,373
93,13.1,48,reverse,374
99,11.7,22,forward,375
92,8.3,15,reverse,376
97,8.8,-31,forward,377
89,11.3,-38,reverse,378
99,13.5,-64,forward,379
93,14.2,-91,reverse,380
107,10.6,-117,forward,381
88,9.5,-124,reverse,382
92,7.7,-170,forward,383
100,15.3,-150,forward,384
103,17.1,-144,reverse,385
96,21.9,-111,reverse,386
110,18.3,-97,forward,387
96,18.9,-58,reverse,388
90,21.2,-44,forward,389
110,16.4,-11,forward,390
90,16.0,-5,reverse,391
112,20.7,27,reverse,392
96,19.4,42,forward,393
109,17.8,80,reverse,394
89,22.3,95,forward,395
101,17.6,127,forward,396
94,19.6,166,reverse,397
98,25.2,148,forward,398
103,27.3,146,reverse,399
88,22.6,113,reverse,400
92,27.0,62,forward,401
92,25.5,60,reverse,402
109,24.1,9,forward,403
111,28.4,7,reverse,404
103,28.8,-24,forward,405
91,23.7,-25,reverse,406
91,25.9,-76,forward,407
98,26.6,-78,reverse,408
89,23.0,-129,forward,409
98,29.5,-131,reverse,410
91,27.7,-162,forward,411
93,24.8,-164,reverse,412
107,37.2,-152,reverse,413
89,35.4,-142,forward,414
106,30.7,-109,forward,415
98,34.3,-99,reverse,416
109,33.6,-56,forward,417
111,31.3,-46,reverse,418
89,36.1,-13,reverse,419
110,36.5,-3,forward,420
102,31.8,29,forward,421
108,33.1,40,reverse,422
110,34.7,82,forward,423
99,30.2,93,reverse,424
96,30.0,115,forward,425
93,35.0,126,reverse,426
92,32.9,168,forward,427
109,39.7,158,reverse,428
105,37.6,135,forward,429
105,42.6,105,reverse,430
89,42.4,102,forward,431
97,37.9,73,reverse,432
112,39.4,50,forward,433
105,40.8,20,reverse,434
90,44.2,17,forward,435
105,43.7,-33,reverse,436
103,41.2,-36,forward,437
107,39.0,-66,reverse,438
94,38.3,-89,forward,439
98,41.9,-119,reverse,440
96,43.1,-122,forward,441
99,44.9,-172,reverse,442
111,40.1,-175,forward,443
107,47.8,-154,forward,444
95,49.6,-139,reverse,445
108,50.7,-101,forward,446
101,46.7,-86,reverse,447
103,46.0,-69,forward,448
98,51.4,-53,reverse,449
93,48.9,-16,forward,450
99,48.5,0,reverse,451
107,51.8,37,forward,452
108,45.5,52,reverse,453
106,47.1,70,forward,454
97,50.3,85,reverse,455
90,50.0,123,forward,456
108,47.4,138,reverse,457
97,45.3,155,forward,458
88,52.1,171,reverse,459
95,53.0,176,forward,460
102,59.8,151,reverse,461
88,57.7,143,forward,462
109,55.0,118,reverse,463
99,54.8,90,forward,464
88,57.9,65,reverse,465
108,59.5,57,forward,466
102,53.2,32,reverse,467
102,56.6,4,forward,468
93,56.1,-21,reverse,469
90,53.6,-49,forward,470
90,59.1,-74,reverse,471
92,58.4,-81,forward,472
103,54.3,-106,reverse,473
94,55.5,-134,forward,474
103,57.3,-159,reverse,475
96,60.2,-167,forward,476
106,62.0,-127,reverse,477
103,63.1,-114,forward,478
101,66.7,-94,reverse,479
101,66.0,-61,forward,480
110,63.8,-41,reverse,481
112,61.3,-28,forward,482
109,60.9,12,reverse,483
106,64.2,25,forward,484
106,65.6,45,reverse,485
101,67.2,77,forward,486
106,62.7,98,reverse,487
94,62.4,110,forward,488
99,67.4,130,reverse,489
106,65.3,163,forward,490
110,72.2,163,reverse,491
88,70.1,130,forward,492
96,74.8,98,forward,493
100,70.3,77,reverse,494
112,71.9,45,forward,495
88,73.3,25,reverse,496
109,68.5,-8,reverse,497
109,69.0,-8,forward,498
100,73.7,-41,forward,499
98,71.5,-61,reverse,500
103,70.8,-94,forward,501
102,74.4,-114,reverse,502
110,69.7,-147,reverse,503
89,67.8,-147,forward,504
96,77.3,-167,reverse,505
112,80.2,-159,forward,506
95,82.0,-134,reverse,507
111,75.5,-127,forward,508
112,79.1,-81,reverse,509
93,78.4,-74,forward,510
88,76.2,-28,reverse,511
107,81.4,-21,forward,512
101,80.9,4,reverse,513
99,76.6,12,forward,514
104,78.0,57,reverse,515
95,79.6,65,forward,516
112,75.1,110,reverse,517
101,79.8,143,reverse,518
102,77.7,151,forward,519
112,84.5,176,reverse,520
105,85.4,171,forward,521
109,87.5,123,reverse,522
93,82.5,118,forward,523
89,82.7,90,reverse,524
94,87.2,85,forward,525
95,85.7,37,reverse,526
110,84.3,32,forward,527
92,89.0,0,forward,528
108,88.6,-16,reverse,529
111,83.9,-49,reverse,530
102,86.1,-53,forward,531
106,86.8,-101,reverse,532
88,83.2,-106,forward,533
93,87.9,-139,forward,534
91,89.7,-154,reverse,535
89,97.4,-175,reverse,536
96,92.6,-172,forward,537
88,94.4,-122,reverse,538
88,95.6,-119,forward,539
109,90.8,-86,forward,540
110,91.5,-69,reverse,541
112,96.3,-36,reverse,542
93,93.8,-33,forward,543
109,93.3,17,reverse,544
106,96.7,20,forward,545
107,92.0,52,forward,546
99,90.4,70,reverse,547
88,95.1,102,reverse,548
102,94.9,105,forward,549
102,90.1,138,forward,550
97,92.2,155,reverse,551
92,104.6,168,reverse,552
100,97.8,158,forward,553
93,99.9,135,reverse,554
96,102.5,126,forward,555
103,102.8,82,reverse,556
109,99.6,73,forward,557
102,98.1,50,reverse,558
96,104.4,40,forward,559
89,101.0,-3,reverse,560
111,101.4,-13,forward,561
96,103.9,-56,reverse,562
91,98.5,-66,forward,563
94,99.2,-89,reverse,564
109,103.2,-99,forward,565
103,102.1,-142,reverse,566
102,100.3,-152,forward,567
88,109.8,-162,reverse,568
100,108.0,-131,forward,569
108,106.8,-109,reverse,570
96,110.9,-78,forward,571
95,111.6,-76,reverse,572
95,106.2,-46,forward,573
98,108.7,-24,reverse,574
111,109.1,7,forward,575
89,105.7,29,reverse,576
111,112.0,60,forward,577
110,110.5,62,reverse,578
93,107.3,93,forward,579
100,107.5,115,reverse,580
105,110.2,146,forward,581
108,112.3,148,reverse,582
103,117.9,166,forward,583
106,119.9,127,reverse,584
105,114.9,113,forward,585
93,115.2,95,reverse,586
94,119.7,80,forward,587
94,118.1,42,reverse,588
91,116.8,27,forward,589
100,113.4,9,reverse,590
104,113.8,-25,forward,591
111,116.3,-44,reverse,592
107,118.6,-58,forward,593
108,119.2,-97,reverse,594
101,115.6,-111,forward,595
108,114.5,-129,reverse,596
106,112.7,-164,forward,597
103,122.2,-150,reverse,598
89,120.4,-144,forward,599
105,126.9,-117,reverse,600
110,123.3,-91,forward,601
107,124.0,-64,reverse,602
107,126.2,-38,forward,603
88,121.1,-11,reverse,604
108,121.5,-5,forward,605
89,125.8,22,reverse,606
111,124.4,48,forward,607
100,122.9,75,reverse,608
95,127.3,101,forward,609
103,122.6,133,forward,610
97,124.7,160,reverse,611
88,130.3,153,forward,612
111,132.3,140,reverse,613
103,127.6,107,reverse,614
88,132.1,68,forward,615
88,130.5,54,reverse,616
110,129.2,15,forward,617
95,133.5,1,reverse,618
89,133.9,-18,forward,619
108,128.7,-31,reverse,620
101,131.0,-71,forward,621
91,131.6,-84,reverse,622
111,128.0,-124,forward,623
103,134.6,-137,reverse,624
110,132.8,-156,forward,625
93,129.8,-170,reverse,626
108,142.2,-157,reverse,627
95,140.4,-136,forward,628
91,139.3,-104,reverse,629
95,135.7,-103,forward,630
99,138.6,-51,forward,631
93,136.4,-51,reverse,632
100,141.1,-19,reverse,633
108,141.6,2,forward,634
107,138.2,34,reverse,635
96,136.8,35,forward,636
102,135.3,87,reverse,637
102,139.7,88,forward,638
106,140.0,120,reverse,639
91,135.0,121,forward,640
111,137.1,173,reverse,641
98,137.9,174,forward,642
100,144.7,152,reverse,643
107,142.7,141,forward,644
101,147.4,108,forward,645
89,147.7,100,reverse,646
101,142.9,67,reverse,647
94,144.5,55,forward,648
110,149.2,23,forward,649
91,145.9,14,reverse,650
104,146.3,-30,forward,651
108,148.8,-39,reverse,652
97,144.0,-72,reverse,653
100,143.4,-83,forward,654
93,148.1,-116,forward,655
101,147.0,-125,reverse,656
97,145.2,-169,forward,657
108,152.8,-149,forward,658
91,154.6,-145,reverse,659
110,155.8,-96,forward,660
102,151.7,-92,reverse,661
100,151.0,-63,forward,662
109,156.4,-59,reverse,663
93,154.0,-10,forward,664
90,153.5,-6,reverse,665
92,156.9,43,forward,666
92,150.6,47,reverse,667
112,152.1,76,forward,668
100,155.3,79,reverse,669
111,155.1,128,forward,670
101,152.4,132,reverse,671
100,150.3,161,forward,672
93,157.1,165,reverse,673
109,162.7,149,forward,674
95,164.8,145,reverse,675
98,160.1,112,reverse,676
108,159.8,96,forward,677
110,164.5,63,forward,678
110,163.0,59,reverse,679
89,158.3,26,reverse,680
89,161.6,10,forward,681
111,161.2,-26,reverse,682
98,158.7,-43,forward,683
101,163.4,-76,forward,684
92,164.1,-79,reverse,685
101,159.4,-112,reverse,686
91,160.5,-128,forward,687
94,162.3,-165,reverse,688
93,165.2,-161,forward,689
112,167.0,-132,reverse,690
97,168.2,-108,forward,691
99,171.8,-100,reverse,692
98,171.1,-55,forward,693
102,168.8,-47,reverse,694
106,166.4,-23,forward,695
108,165.9,6,reverse,696
93,169.3,30,forward,697
105,170.7,39,reverse,698
92,172.2,83,forward,699
99,167.7,92,reverse,700
110,167.5,116,forward,701
108,170.4,169,forward,702
96,172.5,125,reverse,703
107,174.0,-2,forward,704
92,173.6,-14,reverse,705
95,172.9,-141,forward,706
99,174.7,-152,reverse,707
100,172.9,187,forward,708
87,174.7,187,reverse,709
33,170.0,180,reverse,710
77,165.2,197,forward,711
112,169.5,177,reverse,712
101,158.0,181,forward,713
71,162.3,182,reverse,714
43,157.6,195,forward,715
91,152.8,200,forward,716
96,154.6,182,reverse,717
107,149.5,185,reverse,718
66,145.2,188,forward,719
51,149.9,192,reverse,720
10,137.5,182,reverse,721
17,137.5,191,forward,722
81,142.2,192,reverse,723
83,132.8,196,forward,724
64,129.8,197,reverse,725
53,125.1,191,forward,726
90,122.2,186,reverse,727
97,125.5,186,forward,728
97,120.4,194,forward,729
94,117.0,180,reverse,730
73,112.7,185,forward,731
40,117.4,195,reverse,732
35,105.0,196,forward,733
75,109.8,185,reverse,734
100,105.5,178,forward,735
99,102.1,196,reverse,736
88,100.3,199,forward,737
56,97.4,181,reverse,738
61,92.6,201,forward,739
95,96.9,188,reverse,740
85,89.7,185,reverse,741
26,85.0,198,reverse,742
69,77.3,192,reverse,743
79,80.2,184,forward,744
94,69.7,190,reverse,745
94,67.8,198,forward,746
88,73.0,183,forward,747
47,72.6,188,forward,748
47,64.9,193,reverse,749
69,60.2,179,forward,750
109,64.5,183,reverse,751
79,57.3,178,reverse,752
26,52.5,193,forward,753
85,47.8,178,forward,754
90,40.6,188,forward,755
61,44.9,186,reverse,756
56,40.1,188,forward,757
35,32.5,195,reverse,758
88,37.2,194,reverse,759
99,35.4,193,forward,760
111,32.0,178,reverse,761
75,27.7,194,forward,762
73,24.8,198,reverse,763
40,20.1,187,forward,764
90,15.3,179,forward,765
97,17.1,188,reverse,766
101,20.5,180,forward,767
91,12.0,186,reverse,768
64,7.7,183,forward,769
53,12.4,194,reverse,770
10,0.0,183,forward,771
17,-0.0,184,reverse,772
83,4.7,185,reverse,773
81,-4.7,196,forward,774
51,-12.4,184,forward,775
66,-7.7,180,reverse,776
100,-12.0,185,forward,777
102,-20.5,181,reverse,778
96,-17.1,200,forward,779
91,-15.3,179,reverse,780
43,-20.1,202,reverse,781
71,-24.8,202,forward,782
77,-27.7,195,reverse,783
100,-35.4,182,reverse,784
94,-32.0,177,forward,785
87,-37.2,189,forward,786
33,-32.5,184,forward,787
58,-40.1,181,reverse,788
60,-44.9,188,forward,789
100,-44.4,195,forward,790
101,-40.6,189,reverse,791
86,-47.8,190,reverse,792
29,-52.5,191,reverse,793
78,-57.3,198,forward,794
104,-53.0,177,reverse,795
108,-64.5,182,forward,796
70,-60.2,193,reverse,797
45,-64.9,191,forward,798
49,-72.6,185,reverse,799
93,-69.7,183,forward,800
95,-67.9,181,reverse,801
108,-73.0,184,reverse,802
80,-80.3,190,reverse,803
67,-77.3,187,forward,804
22,-85.0,200,forward,805
84,-89.7,192,forward,806
109,-97.0,187,forward,807
63,-92.7,188,reverse,808
55,-97.4,201,forward,809
89,-100.3,181,reverse,810
98,-102.1,178,forward,811
104,-105.5,179,reverse,812
74,-109.8,181,forward,813
38,-105.1,191,reverse,814
38,-117.4,195,forward,815
74,-112.7,202,reverse,816
105,-117.0,179,forward,817
103,-125.5,187,reverse,818
98,-120.4,199,reverse,819
89,-122.2,196,forward,820
55,-125.1,183,reverse,821
63,-129.8,184,forward,822
84,-132.8,196,reverse,823
80,-142.2,181,forward,824
22,-137.5,201,reverse,825
49,-149.9,188,forward,826
67,-145.2,190,reverse,827
108,-149.5,184,forward,828
95,-154.6,200,forward,829
93,-152.8,178,reverse,830
45,-157.6,198,reverse,831
70,-162.3,180,forward,832
102,-158.0,182,reverse,833
102,-169.5,177,forward,834
78,-165.2,192,reverse,835
29,-170.0,182,forward,836
86,-174.7,179,forward,837
86,-174.7,-188,forward,838
78,-165.2,-178,reverse,839
103,-170.0,-186,forward,840
106,-157.6,-180,reverse,841
70,-162.3,-200,forward,842
45,-157.6,-201,reverse,843
93,-152.8,-201,reverse,844
95,-154.6,-180,forward,845
100,-149.9,-178,forward,846
67,-145.2,-199,reverse,847
49,-149.9,-187,forward,848
80,-142.2,-195,forward,849
93,-137.5,-188,reverse,850
84,-132.8,-187,reverse,851
63,-129.8,-201,forward,852
55,-125.1,-180,reverse,853
88,-125.1,-176,reverse,854
89,-122.2,-181,forward,855
98,-120.4,-183,reverse,856
105,-117.4,-183,forward,857
74,-112.7,-190,reverse,858
38,-117.4,-186,forward,859
38,-105.1,-198,reverse,860
74,-109.8,-181,forward,861
96,-105.1,-183,reverse,862
98,-102.1,-195,forward,863
89,-100.3,-190,reverse,864
55,-97.4,-179,forward,865
63,-92.7,-195,reverse,866
110,-97.4,-176,forward,867
90,-85.0,-188,forward,868
84,-89.7,-195,forward,869
67,-77.3,-180,forward,870
80,-80.3,-201,reverse,871
105,-72.6,-178,reverse,872
95,-67.9,-197,reverse,873
93,-69.7,-189,forward,874
49,-72.6,-192,reverse,875
45,-64.9,-200,forward,876
70,-60.2,-186,reverse,877
88,-64.9,-180,forward,878
78,-57.3,-194,forward,879
86,-47.8,-182,reverse,880
112,-52.5,-186,reverse,881
60,-44.9,-197,forward,882
58,-40.1,-193,reverse,883
87,-37.2,-187,forward,884
100,-35.4,-201,reverse,885
111,-32.5,-185,forward,886
77,-27.7,-195,reverse,887
71,-24.8,-184,forward,888
43,-20.1,-180,reverse,889
91,-15.3,-184,reverse,890
96,-17.1,-188,forward,891
110,-20.1,-181,reverse,892
102,-12.4,-177,forward,893
66,-7.7,-200,reverse,894
51,-12.4,-201,forward,895
81,-4.7,-190,forward,896
100,0.0,-178,forward,897
97,-0.0,-189,reverse,898
83,4.7,-179,reverse,899
53,12.4,-182,reverse,900
64,7.7,-179,forward,901
101,12.4,-177,reverse,902
97,17.1,-187,reverse,903
92,20.1,-182,forward,904
90,15.3,-182,forward,905
40,20.1,-181,forward,906
73,24.8,-194,reverse,907
75,27.7,-201,forward,908
102,32.5,-184,reverse,909
99,35.4,-186,forward,910
88,37.2,-198,reverse,911
35,32.5,-193,reverse,912
56,40.1,-186,forward,913
61,44.9,-184,reverse,914
85,47.8,-179,forward,915
79,57.3,-200,reverse,916
100,52.5,-187,forward,917
112,64.9,-179,reverse,918
69,60.2,-179,forward,919
47,64.9,-201,reverse,920
47,72.6,-194,forward,921
94,67.8,-201,forward,922
94,69.7,-194,reverse,923
95,72.6,-179,forward,924
79,80.2,-192,forward,925
69,77.3,-194,reverse,926
85,89.7,-178,reverse,927
95,85.0,-187,reverse,928
61,92.6,-196,forward,929
56,97.4,-200,reverse,930
88,100.3,-189,forward,931
99,102.1,-180,reverse,932
88,105.0,-184,forward,933
75,109.8,-198,reverse,934
35,105.0,-201,forward,935
40,117.4,-199,reverse,936
73,112.7,-196,forward,937
95,117.4,-182,reverse,938
99,125.1,-177,forward,939
97,120.4,-183,forward,940
90,122.2,-195,reverse,941
53,125.1,-197,forward,942
64,129.8,-194,reverse,943
83,132.8,-201,forward,944
100,137.5,-192,reverse,945
93,137.5,-189,forward,946
81,142.2,-188,reverse,947
51,149.9,-179,reverse,948
66,145.2,-197,forward,949
91,149.9,-177,reverse,950
96,154.6,-187,reverse,951
91,152.8,-198,forward,952
43,157.6,-186,forward,953
71,162.3,-194,reverse,954
99,157.6,-181,forward,955
104,170.0,-185,reverse,956
77,165.2,-187,forward,957
87,174.7,-185,reverse,958
100,172.9,-188,forward,959
