,,,ie_db,ie_db,ie_db,error_db,error_db,error_db
,,,mean,min,max,mean,min,max
order,noise,method,,,,,,
5,40dB,balanced,31.73980024170766,29.78673300179849,33.960441303985554,-24.566185640231524,-28.013478281952903,-21.180672778025325
5,40dB,legacy,30.1975852728602,28.08743186899332,32.33798067938666,-24.322504110901452,-27.64264382334151,-21.03238375866737
5,60dB,balanced,35.7412192081455,32.53215558130787,38.503097095605646,-25.142430287075573,-29.14441378746796,-21.430566458163725
5,60dB,legacy,33.34363131683161,30.35651286665845,36.482466036627,-24.96468556070774,-28.72710013206681,-21.350516173606803
5,clean,balanced,35.81417223980303,32.58373032853878,38.67185075073061,-25.14816631283988,-29.15632796706931,-21.433160215657946
5,clean,legacy,33.40952740489798,30.3515667338568,36.64830248461995,-24.973157589069892,-28.74580866123122,-21.35672022916395
8,40dB,balanced,30.09702144344208,28.99925341116268,31.32883961814788,-30.075014954221636,-30.678708068949515,-29.208371970375868
8,40dB,legacy,29.544883277783132,28.67868520681806,30.87448769122437,-29.540539680300487,-30.36108424241593,-28.77324892228334
8,60dB,balanced,49.351473661681354,47.67123855620344,50.97260460770055,-47.64122771751273,-49.72140568068462,-44.94738064079083
8,60dB,legacy,48.74586740062153,46.84396042507866,50.5385832688702,-47.30999519759868,-49.64634498996632,-44.6518394305792
8,clean,balanced,58.30816339798616,53.32125218320962,64.67997908197809,-51.86047793757861,-57.35204146905511,-46.65450302908927
8,clean,legacy,57.19874777757051,51.42514687769647,63.949091389398845,-51.7665500942391,-57.66152189787539,-46.679911055991255
12,40dB,balanced,25.899586210848085,24.795513359981136,26.80728209711418,-25.884528622421342,-26.49859433846437,-24.938326421448103
12,40dB,legacy,25.412790089787013,24.474686516912453,26.52722275885589,-25.314783171315973,-26.04004287105887,-24.546615536889856
12,60dB,balanced,45.89338112766147,44.781446228396426,46.80047972898195,-45.88456806636301,-46.498542662864665,-44.938920256992496
12,60dB,legacy,45.40400540165218,44.44830833717597,46.49487811639786,-45.31479385262193,-46.04007729915087,-44.54743542130791
12,clean,balanced,106.31097395224718,98.24818731191226,115.3693848833889,-103.02101930711159,-111.15562043684668,-94.98398515412312
12,clean,legacy,104.68203468667244,97.080456469782,114.19659476031148,-102.66181959123345,-111.57756983316004,-94.88207656183889
