r_xy_mm,phi_deg,z_mm
207,-116.9,31
127,116.5,-277
237,-0.2,238
217,-78.0,-134
247,155.3,134
209,38.7,-230
155,-155.8,279
239,77.6,-52
219,-39.1,75
210,-103.9,-299
195,129.4,251
221,12.7,-91
231,-65.0,176
211,168.3,-178
61,51.6,291
205,-142.8,-7
225,90.5,13
81,-26.1,-285
215,-129.8,189
245,103.5,-178
203,-13.2,89
219,-91.0,-272
191,142.4,283
213,25.7,-67
243,-168.7,60
152,64.6,-257
227,-52.1,258
237,-112.6,-121
217,120.8,140
247,4.1,-239
108,-73.7,259
229,159.7,-29
239,43.0,25
102,-151.4,-269
249,81.9,234
201,-34.8,-135
221,-99.6,108
231,133.7,-270
161,17.1,261
241,-60.7,-64
205,172.6,60
178,56.0,-275
233,-138.5,282
215,94.8,-99
245,-21.8,172
203,-125.5,-184
90,107.8,273
233,-8.9,-18
213,-86.6,3
39,146.7,-293
208,30.0,170
228,-164.4,-179
238,68.9,93
202,-47.7,-268
216,-108.2,298
210,125.1,-76
230,8.4,45
153,-69.4,-290
220,164.0,235
250,47.3,-141
202,-147.1,120
222,86.2,-229
138,-30.5,282
212,-95.3,-36
242,138.1,42
127,21.4,-256
226,-56.4,234
236,176.9,-139
216,60.3,122
246,-134.2,-262
133,99.2,254
224,-17.5,-44
234,-121.2,85
193,112.1,-264
221,-4.5,294
206,-82.3,-80
226,151.0,179
236,34.4,-192
31,-160.1,266
246,73.2,-2
208,-43.4,17
93,-115.4,-278
238,117.9,217
218,1.2,-153
248,-76.6,115
200,156.8,-241
174,40.1,270
230,-154.3,-67
210,79.0,56
180,-37.7,-290
204,-102.5,240
224,130.9,-109
234,14.2,158
214,-63.6,-201
110,169.7,294
202,53.1,-21
222,-141.4,28
119,92.0,-282
212,-24.7,206
242,-128.4,-156
208,104.9,107
228,-11.7,-258
169,-89.5,288
218,143.8,-53
248,27.2,78
176,-167.3,-260
224,66.0,279
240,-50.6,-104
220,-111.1,161
250,122.2,-218
69,5.5,252
222,-72.2,-12
232,161.1,8
58,44.4,-262
242,-150.0,205
206,83.3,-155
226,-33.3,93
223,-98.2,-286
186,135.2,266
246,18.5,-83
204,-59.3,45
153,174.1,-274
234,57.4,258
214,-137.0,-115
244,96.3,151
207,-20.4,-207
126,-124.1,277
237,109.3,-35
217,-7.4,30
131,-85.2,-297
209,148.1,207
229,31.5,-144
239,-163.0,126
219,70.4,-245
171,-46.3,299
201,-106.8,-46
221,126.5,73
194,9.9,-281
206,-67.9,261
241,165.4,-102
205,48.8,153
225,-145.7,-193
70,87.6,285
215,-29.0,-10
245,-93.8,12
64,139.5,-253
223,22.8,193
233,-54.9,-173
213,178.4,91
232,61.7,-293
176,-132.7,257
227,100.6,-74
237,-16.1,55
153,-119.8,-267
247,113.6,277
209,-3.1,-109
229,-80.9,145
239,152.5,-235
117,35.8,269
249,-158.7,-34
201,74.7,19
97,-42.0,-271
231,-114.0,213
211,119.3,-144
241,2.7,115
205,-75.1,-243
173,158.2,275
235,41.6,-65
215,-152.9,60
187,80.4,-295
203,-36.2,241
223,-101.0,-105
233,132.3,160
213,15.6,-196
103,-62.1,293
208,171.2,-19
228,54.5,0
218,93.4,175
248,-23.3,-198
210,-127.0,79
208,106.4,-280
214,-10.3,290
220,-88.1,-82
250,145.3,46
129,28.6,-252
222,-165.9,234
232,67.5,-134
212,-49.2,123
242,-109.7,-254
130,123.7,256
226,7.0,-41
236,-70.8,38
127,162.5,-266
246,45.9,251
204,-148.6,-123
224,84.8,124
234,-31.9,-253
142,-96.7,264
244,136.6,-50
206,20.0,73
198,-57.8,-276
219,175.5,286
216,58.8,-86
246,-135.6,191
208,97.7,-173
47,-18.9,278
238,-122.6,-5
218,110.7,15
92,-6.0,-298
200,-83.8,179
220,149.6,-157
230,32.9,104
209,-161.5,-256
191,71.8,290
204,-44.9,-61
224,-105.4,58
172,128.0,-284
214,11.3,248
244,-66.5,-122
202,166.9,134
222,50.2,-212
112,-144.2,282
212,89.1,-24
242,-27.6,28
103,-92.4,-257
227,140.9,217
237,24.3,-156
217,-53.5,109
247,179.8,-285
156,63.2,259
229,-131.3,-58
239,102.0,73
179,-14.6,-269
244,-118.3,299
201,115.0,-90
221,-1.7,159
231,-79.4,-206
79,153.9,261
241,37.2,-16
205,-157.2,5
50,76.1,-275
235,-40.5,196
215,-117.8,-166
245,115.5,99
195,-1.2,-253
195,-79.0,273
233,154.4,-82
213,37.7,45
160,-156.7,-293
207,76.6,225
227,-40.1,-125
237,-104.9,144
217,128.5,-220
140,11.8,297
209,-66.0,-33
229,167.3,36
135,50.7,-289
219,-143.8,222
249,89.6,-152
201,-27.1,110
221,-130.8,-241
154,102.5,281
211,-14.1,-45
241,-91.9,83
181,141.4,-255
212,24.8,275
235,-169.7,-95
215,63.6,165
245,-53.0,-205
48,-113.5,253
223,119.8,-6
233,3.1,15
78,-74.6,-263
243,158.7,215
206,42.0,-149
226,-152.4,101
232,80.9,-286
178,-35.7,266
246,-100.6,-76
208,132.8,52
167,16.1,-278
238,-61.7,274
218,171.7,-110
248,55.0,163
200,-139.4,-192
110,93.9,270
230,-22.8,-27
210,-126.5,23
114,106.8,-290
204,-9.8,194
224,-87.6,-149
234,145.7,116
214,29.1,-249
179,-165.4,294
202,68.0,-53
222,-48.7,66
185,-109.2,-282
212,124.1,258
242,7.5,-110
208,-70.3,147
228,163.0,-204
91,46.4,288
218,-148.1,-16
248,85.2,5
41,-31.4,-260
230,-96.2,190
240,137.1,-186
220,20.4,87
228,-57.3,-300
181,176.0,252
222,59.3,-79
232,-135.1,47
140,98.2,-262
242,-18.5,261
206,-122.2,-115
226,111.2,136
236,-5.5,-242
128,-83.3,266
246,150.1,-41
204,33.4,37
138,-161.1,-274
234,72.3,244
214,-44.4,-125
244,-116.4,140
206,116.9,-218
142,0.3,276
236,-77.5,-45
216,155.8,80
218,39.2,-296
192,-155.3,258
228,78.0,-87
238,-38.6,190
218,-103.4,-176
22,129.9,298
200,13.2,-1
220,-64.5,19
97,168.8,-280
210,52.1,193
240,-142.3,-166
204,91.0,96
224,-25.7,-268
181,-129.4,284
214,104.0,-61
244,-12.7,67
158,-90.5,-252
222,142.9,263
232,26.2,-111
212,-168.3,145
242,65.1,-225
93,-51.6,257
227,-112.1,-22
237,121.3,32
115,4.6,-267
247,-73.2,242
209,160.1,-133
229,43.5,120
239,-151.0,-269
156,82.4,269
249,-34.3,-59
201,-99.1,65
185,134.2,-271
224,17.5,281
211,-60.2,-91
241,173.1,178
205,56.4,-178
72,-138.0,275
235,95.3,-12
215,-21.3,9
70,-125.0,-295
203,108.3,174
223,-8.4,-167
233,-86.2,98
207,147.2,-263
203,30.5,293
207,-163.9,-68
227,69.4,52
163,-47.3,-287
217,-107.8,241
247,125.6,-131
209,8.9,131
229,-68.9,-227
129,164.5,289
219,47.8,-31
249,-146.6,36
113,86.7,-251
221,-30.0,220
231,-94.8,-144
211,138.5,113
241,21.9,-267
144,-55.9,255
225,177.4,-50
235,60.8,79
185,-133.7,-265
231,99.6,295
203,-17.0,-85
223,-120.7,168
233,112.6,-198
60,-4.1,263
243,-81.8,-9
206,151.5,11
74,34.8,-276
236,-159.6,206
216,73.7,-159
246,-42.9,107
207,-115.0,-258
189,118.4,278
238,1.7,-76
218,-76.1,52
174,157.3,-298
200,40.6,227
220,-153.8,-114
230,79.5,148
210,-37.2,-205
124,-102.0,290
204,131.3,-27
224,14.7,22
105,-63.1,-284
214,170.2,200
244,53.6,-166
202,-140.9,98
222,92.4,-262
176,-24.2,282
212,-127.9,-58
242,105.4,69
165,-11.3,-258
228,-89.0,273
238,144.3,-111
218,27.6,151
248,-166.8,-226
88,66.5,260
230,-50.1,-19
240,-110.6,2
250,6.0,202
202,-71.8,-160
222,161.6,85
211,44.9,-282
192,-149.5,262
242,83.8,-89
206,-32.9,39
143,-97.7,-276
236,135.7,250
216,19.0,-123
246,-58.8,144
204,174.5,-212
136,57.9,274
234,-136.6,-41
214,96.8,36
143,-19.9,-294
206,-123.6,212
226,109.7,-135
236,-6.9,132
216,-84.7,-232
158,148.6,296
208,32.0,-42
228,-162.5,82
208,70.8,-288
203,-45.8,268
248,-106.3,-97
200,127.0,156
220,10.3,-181
41,-67.4,280
210,165.9,-3
240,49.2,18
82,-145.2,-254
224,88.1,202
234,-28.5,-165
214,-93.4,98
241,140.0,-293
164,23.3,252
222,-54.5,-65
232,178.9,61
161,62.2,-262
242,-132.2,282
207,101.1,-102
227,-15.6,152
237,-119.3,-224
103,114.1,267
247,-2.6,-27
209,-80.4,26
115,152.9,-279
239,36.3,231
219,-158.2,-143
249,75.2,127
201,-41.5,-230
161,-117.4,271
231,116.0,-57
211,-0.7,66
195,-78.5,-291
204,154.9,253
225,38.2,-99
235,-156.3,170
215,77.1,-190
85,-39.6,295
203,-104.4,-13
223,128.9,7
57,12.3,-283
213,-65.5,179
243,167.8,-186
207,51.2,84
215,-143.3,-277
203,90.0,287
217,-26.6,-74
247,-130.3,53
143,103.0,-259
229,-13.7,251
239,-91.4,-130
219,141.9,134
249,25.2,-251
116,-169.2,251
221,64.1,-34
231,-52.5,36
121,-113.0,-261
241,120.3,243
205,3.6,-126
225,-74.2,122
235,159.2,-258
146,42.5,265
245,-151.9,-53
203,81.4,70
193,-35.3,-273
219,-100.1,283
213,133.3,-87
243,16.6,186
207,-61.2,-174
56,172.1,277
237,55.5,-7
217,-139.0,13
86,94.4,-297
209,-22.3,184
229,-126.0,-166
239,107.3,105
216,-9.3,-267
200,-87.1,299
201,146.2,-62
221,29.6,55
167,-164.9,-281
211,68.4,241
241,-48.2,-122
205,-108.7,133
225,124.6,-217
117,7.9,285
215,-69.8,-26
245,163.5,26
97,46.8,-253
223,-147.6,210
233,85.7,-155
213,-30.9,105
243,-95.8,-283
158,137.6,258
228,20.9,-60
238,-56.9,70
175,176.5,-268
245,59.8,298
210,-134.6,-96
230,98.7,162
240,-18.0,-216
87,-121.7,270
250,111.7,-19
202,-5.0,3
40,-82.8,-272
232,150.5,191
212,33.9,-166
242,-160.6,95
194,72.8,-256
199,-43.9,276
236,-115.9,-85
216,117.4,43
158,0.7,-296
204,-77.0,219
224,156.3,-125
234,39.6,140
214,-154.8,-220
143,78.5,294
206,-38.1,-35
226,-103.0,40
143,130.4,-286
216,13.7,225
246,-64.1,-145
208,169.3,119
228,52.6,-242
150,-141.8,288
218,91.5,-42
248,-25.2,91
183,-128.9,-250
202,104.4,270
230,-12.2,-88
210,-90.0,167
240,143.3,-195
25,26.7,254
224,-167.8,-2
234,65.6,20
90,-51.1,-264
244,-111.6,223
202,121.7,-141
222,5.1,104
232,-72.7,-279
168,160.6,262
242,44.0,-69
207,-150.5,56
173,82.8,-277
237,-33.8,280
217,-98.6,-105
247,134.7,168
209,18.0,-195
103,-59.7,279
239,173.6,-24
219,56.9,29
128,-137.5,-299
201,95.8,197
221,-20.9,-142
231,-124.6,120
211,108.8,-239
170,-7.9,291
205,-85.7,-49
225,147.7,72
194,31.0,-285
212,-163.5,265
245,69.9,-106
203,-46.8,150
223,-107.3,-195
76,126.1,283
213,9.4,-11
243,-68.4,9
59,164.9,-257
227,48.3,194
237,-146.2,-178
217,87.2,91
233,-29.5,-297
181,-94.3,259
229,139.0,-77
239,22.4,54
152,-55.4,-269
249,177.9,276
201,61.2,-107
221,-133.2,138
231,100.1,-230
117,-16.5,261
241,-120.2,-35
205,113.1,29
123,-3.6,-275
235,-81.4,233
215,152.0,-135
245,35.3,130
203,-159.1,-226
155,74.2,273
233,-42.5,-53
213,-114.5,71
203,118.9,-293
202,2.2,257
227,-75.6,-95
237,157.7,177
217,41.1,-185
70,-153.4,297
209,80.0,-9
229,-36.7,12
75,-101.5,-289
219,131.8,190
249,15.1,-184
201,-62.6,86
216,170.7,-271
192,54.0,281
211,-140.4,-68
241,92.9,57
148,-23.7,-255
225,-127.4,253
235,105.9,-122
215,-10.8,137
245,-88.6,-240
109,144.8,253
223,28.1,-30
233,-166.3,22
96,67.0,-263
243,-49.7,225
208,-110.2,-142
228,123.2,109
238,6.5,-281
168,-71.3,268
248,162.1,-68
210,45.4,59
179,-149.0,-280
240,84.3,287
220,-32.4,-103
250,-97.2,173
202,136.1,-185
94,19.5,272
232,-58.3,-20
212,175.0,1
206,-136.1,166
226,97.2,-180
236,-19.4,90
198,-123.1,-266
218,110.2,296
204,-6.5,-76
224,-84.2,42
147,149.1,-284
214,32.4,226
244,-162.0,-140
206,71.3,120
226,-45.3,-237
144,-105.8,286
216,127.5,-39
246,10.8,41
124,-66.9,-258
228,166.4,234
238,49.7,-143
218,-144.7,122
248,88.6,-268
134,-28.1,250
220,-92.9,-45
230,140.5,82
187,23.8,-260
221,-54.0,290
204,179.3,-81
224,62.7,175
234,-131.8,-193
42,101.6,264
244,-15.1,-5
202,-118.8,15
86,114.5,-272
232,-2.1,209
212,-79.9,-151
242,153.4,110
207,36.8,-252
182,-157.7,278
238,75.6,-71
218,-41.0,56
181,-117.0,-298
210,116.3,243
230,-0.4,-114
240,-78.2,159
220,155.2,-208
117,38.5,300
202,-155.9,-22
222,77.4,26
114,-39.3,-282
212,-104.1,203
242,129.3,-158
206,12.6,104
226,-65.2,-259
171,168.1,286
216,51.5,-54
246,-143.0,75
169,90.4,-254
220,-26.3,272
234,-130.0,-104
214,103.3,154
244,-13.3,-216
76,-91.1,257
227,142.2,-15
237,25.6,6
51,-168.9,-267
247,64.4,207
209,-52.2,-160
229,-112.7,93
223,120.6,-289
191,3.9,269
249,-73.8,-86
201,159.5,43
149,42.8,-271
231,-151.6,252
211,81.7,-115
241,-34.9,147
205,-99.8,-208
129,133.6,275
235,16.9,-37
215,-60.9,34
139,172.5,-295
203,55.8,206
223,-138.6,-135
233,94.7,128
213,-22.0,-232
159,-125.7,293
207,107.7,-43
227,-9.0,79
204,-86.8,-287
205,146.5,267
247,29.9,-99
209,-164.6,161
229,68.8,-190
52,-47.9,289
219,-108.4,-5
249,124.9,17
76,8.3,-251
221,-69.5,196
231,163.8,-165
211,47.2,94
236,-147.3,-290
169,86.0,255
225,-30.6,-68
235,-95.4,59
159,137.9,-265
245,21.2,282
203,-56.5,-102
223,176.8,146
233,60.1,-222
105,-134.3,263
243,99.0,-28
208,-17.7,24
110,-121.4,-278
238,112.0,226
218,-4.7,-144
248,-82.5,124
210,150.9,-243
169,34.2,280
240,-160.3,-61
220,73.1,66
198,-43.6,-300
202,-115.6,247
222,117.7,-100
232,1.1,165
212,-76.7,-189
90,156.6,292
206,40.0,-14
226,-154.5,5
49,78.8,-286
216,-37.8,179
246,-102.6,-190
204,130.7,81
209,14.0,-274
203,-63.7,284
214,169.6,-75
244,52.9,50
138,-141.5,-256
226,91.8,245
236,-24.9,-131
216,-128.6,131
246,104.8,-251
123,-11.9,258
228,-89.7,-37
238,143.7,44
136,27.0,-268
248,-167.5,261
200,65.9,-116
220,-50.8,127
230,-111.3,-243
133,122.1,260
240,5.4,-45
204,-72.4,76
203,160.9,-274
211,44.3,284
214,-150.2,-81
244,83.2,195
202,-33.5,-162
11,-98.3,272
232,135.0,0
212,18.3,19
103,-59.4,-292
207,173.9,191
227,57.2,-157
237,-137.2,112
217,96.1,-259
189,-20.5,297
209,-124.2,-59
229,109.1,64
183,-7.6,-289
219,-85.4,260
249,148.0,-119
201,31.3,138
221,-163.1,-205
101,70.2,281
211,-46.5,-20
241,-107.0,33
111,126.4,-255
225,9.7,222
235,-68.1,-149
215,165.3,113
245,48.6,-275
146,-145.8,253
223,87.5,-52
233,-29.2,76
181,-94.0,-263
233,139.3,293
207,22.7,-88
227,-55.1,168
237,178.2,-204
67,61.6,267
247,-132.9,-12
209,100.4,9
68,-16.2,-279
239,-119.9,205
219,113.4,-163
249,-3.3,105
198,-81.0,-251
187,152.3,271
231,35.6,-76
211,-158.8,49
166,74.5,-291
205,-42.1,229
225,-114.2,-119
235,119.2,148
215,2.5,-212
130,-75.3,295
203,158.1,-28
223,41.4,33
129,-153.0,-283
213,80.3,213
243,-36.4,-151
207,-101.2,111
227,132.1,-250
160,15.5,287
217,-62.3,-48
247,171.0,83
181,54.4,-259
217,-140.1,279
239,93.2,-99
219,-23.4,165
249,-127.1,-211
55,106.2,251
221,-10.5,-8
231,-88.2,13
72,145.1,-261
241,28.4,210
205,-166.0,-150
225,67.3,98
228,-49.3,-284
179,-109.8,265
245,123.5,-77
203,6.8,49
160,-71.0,-273
233,162.4,264
213,45.7,-109
243,-148.7,156
208,84.6,-202
117,-32.1,278
238,-96.9,-30
218,136.5,22
112,19.8,-298
210,-58.0,196
230,175.3,-155
240,58.7,117
220,-135.8,-258
186,97.6,300
202,-19.1,-54
222,-122.8,64
182,110.5,-282
211,-6.1,255
242,-83.9,-112
206,149.4,144
226,32.8,-205
96,-161.7,286
216,71.6,-18
246,-45.0,2
224,127.8,182
234,11.1,-184
214,-66.6,83
221,166.7,-294
187,50.0,256
226,-144.4,-82
236,88.9,46
140,-27.7,-266
246,-92.6,262
208,140.8,-118
228,24.1,135
238,-53.7,-247
133,179.7,268
248,63.0,-43
200,-131.4,34
132,101.9,-270
230,-14.8,238
210,-118.5,-125
240,114.9,135
204,-1.8,-218
145,-79.6,274
234,153.7,-46
214,37.1,77
214,-157.4,-294
190,76.0,252
222,-40.7,-86
232,-118.0,182
212,115.3,-174
38,-1.3,292
207,-79.1,-3
227,154.2,18
