r_xy_mm,phi_deg,z_mm,gen_settings
200,0.0,-300,cyl_radius_internal=0.200
248,137.5,-298,cyl_radius_external=0.250
212,-85.0,-297,cyl_height_internal=0.500
237,52.5,-295,cyl_height_external=0.600
231,-170.0,-294,num_points=1000
234,-32.5,-292,cap_fraction=None
240,105.0,-290,cap_fraction_eff=0.2500
220,-117.4,-289,wall_thickness_mm=50.0
241,20.1,-287,P_side=0.5
234,157.6,-286,P_caps=0.8
208,-64.9,-284,generate_reverse_spiral=True
221,72.6,-282,z_rotation_deg=90
245,-149.9,-281,flip_poles=False
203,-12.4,-279,bottom_cutoff_mm=30
221,125.1,-278,z_midpoint_zero=True
233,-97.4,-276,phi_min_deg=-170.0
248,40.1,-274,phi_max_deg=180.0
233,177.6,-273,azimuth_density_ratio=1.0
240,-44.9,-271,azimuth_weight_center_deg=0.0
228,92.6,-270,tweeter_pos=None
244,-129.8,-268,ref_origin_pos=None
237,7.7,-266,baffle_bot_l_pos=None
241,145.2,-265,baffle_top_l_pos=None
238,-77.3,-263,baffle_top_r_pos=None
246,60.2,-261,top_crit_pos=None
241,-162.3,-260,bot_crit_pos=None
236,-24.8,-258,z_offset_mm=None
250,112.7,-257,r_min_mm=18.0
246,-109.8,-255,r_max_mm=250.0
238,27.7,-253,p_min_deg=-170.0
250,165.2,-252,p_max_deg=179.9
243,-57.3,-250,z_min_mm=-300.0
227,80.2,-249,z_max_mm=300.0
232,-142.2,-247,method=legacy
222,-4.7,-245,seed=42
238,132.8,-244,balanced_spherical_angular_coverage=False
250,-89.7,-242,
248,47.8,-241,
224,-37.2,-237,
232,100.3,-236,
213,-122.2,-234,
237,15.3,-233,
244,152.8,-231,
228,-69.7,-229,
245,67.8,-228,
227,-154.6,-226,
236,-17.1,-225,
219,120.4,-223,
217,-102.1,-221,
227,35.4,-220,
217,172.9,-218,
222,-49.6,-217,
233,87.9,-215,
239,-134.6,-213,
218,2.9,-212,
236,140.4,-210,
244,-82.1,-209,
242,55.5,-207,
245,-167.0,-205,
221,-29.5,-204,
214,108.0,-202,
245,-114.5,-201,
206,23.0,-199,
215,160.5,-197,
214,-62.0,-196,
239,75.5,-194,
244,-147.0,-193,
239,-9.5,-191,
241,128.0,-189,
240,-94.5,-188,
235,43.1,-186,
249,-41.9,-183,
245,95.6,-181,
239,-126.9,-180,
220,10.6,-178,
242,148.1,-176,
221,-74.4,-175,
211,63.1,-173,
243,-159.4,-172,
233,-21.9,-170,
248,115.6,-168,
243,-106.9,-167,
248,30.7,-165,
239,168.2,-164,
236,-54.3,-162,
240,83.2,-160,
237,-139.3,-159,
213,-1.8,-157,
245,135.7,-156,
219,-86.8,-154,
236,50.7,-152,
244,-34.3,-149,
243,103.2,-148,
248,-119.3,-146,
246,18.3,-144,
249,155.8,-143,
236,-66.7,-141,
243,70.8,-140,
213,-151.7,-138,
248,-14.2,-136,
246,123.3,-135,
235,-99.2,-133,
247,38.3,-132,
229,175.8,-130,
238,-46.7,-128,
242,90.8,-127,
249,-131.7,-125,
223,5.9,-124,
240,143.4,-122,
249,-79.1,-120,
249,58.4,-119,
235,-164.1,-117,
237,-26.6,-116,
236,110.9,-114,
214,-111.6,-112,
239,25.9,-111,
250,163.4,-109,
226,-59.1,-107,
244,78.4,-106,
249,-144.1,-104,
216,-6.5,-103,
202,131.0,-101,
243,-91.5,-99,
228,46.0,-98,
213,-39.0,-95,
243,98.5,-93,
238,-124.0,-91,
222,13.5,-90,
224,151.0,-88,
250,-71.5,-87,
238,66.0,-85,
245,-156.5,-83,
219,-18.9,-82,
245,118.6,-80,
245,-103.9,-79,
222,33.6,-77,
233,171.1,-75,
224,-51.4,-74,
224,86.1,-72,
218,-136.4,-71,
248,1.1,-69,
226,138.6,-67,
220,-83.9,-66,
213,53.6,-64,
232,-168.9,-63,
235,-31.3,-61,
248,106.2,-59,
206,-116.3,-58,
214,21.2,-56,
242,158.7,-55,
236,-63.8,-53,
247,73.7,-51,
211,-148.8,-50,
235,-11.3,-48,
243,126.2,-47,
241,-96.3,-45,
215,41.2,-43,
234,178.8,-42,
248,-43.7,-40,
235,93.8,-39,
221,-128.7,-37,
234,8.8,-35,
243,146.3,-34,
243,-76.2,-32,
235,61.3,-30,
241,-161.2,-29,
207,-23.7,-27,
226,113.8,-26,
219,-108.7,-24,
222,28.8,-22,
235,166.4,-21,
230,-56.1,-19,
245,81.4,-18,
239,-141.1,-16,
208,-3.6,-14,
229,133.9,-13,
249,-88.6,-11,
234,48.9,-10,
245,-36.1,-6,
202,101.4,-5,
214,-121.1,-3,
215,16.4,-2,
226,154.0,0,
237,-68.5,2,
246,69.0,3,
231,-153.5,5,
245,-16.0,6,
233,121.5,8,
215,-101.0,10,
249,36.5,11,
240,174.0,13,
228,-48.5,14,
245,89.0,16,
220,-133.5,18,
234,4.0,19,
238,141.6,21,
245,-80.9,22,
235,56.6,24,
240,-165.9,26,
218,-28.4,27,
230,109.1,29,
243,-113.4,30,
217,24.1,32,
249,161.6,34,
233,-60.9,35,
226,76.6,37,
223,-145.9,39,
245,-8.4,40,
245,129.2,42,
238,-93.3,43,
224,44.2,45,
247,-40.8,48,
218,96.7,50,
240,-125.8,51,
231,11.7,53,
236,149.2,55,
242,-73.3,56,
243,64.2,58,
235,-158.3,59,
235,-20.8,61,
214,116.8,63,
235,-105.7,64,
246,31.8,66,
231,169.3,67,
246,-53.2,69,
233,84.3,71,
226,-138.2,72,
239,-0.7,74,
241,136.8,75,
231,-85.7,77,
244,51.8,79,
240,-33.2,82,
232,104.4,83,
241,-118.1,85,
242,19.4,87,
235,156.9,88,
217,-65.6,90,
230,71.9,91,
240,-150.6,93,
225,-13.1,95,
212,124.4,96,
234,-98.1,98,
232,39.4,99,
224,176.9,101,
241,-45.6,103,
230,92.0,104,
210,-130.5,106,
250,7.0,107,
249,144.5,109,
246,-78.0,111,
230,59.5,112,
222,-163.0,114,
229,-25.5,116,
231,112.0,117,
249,-110.5,119,
232,27.0,120,
208,164.5,122,
214,-58.0,124,
236,79.6,125,
250,-142.9,127,
243,-5.4,128,
239,132.1,130,
240,-90.4,132,
232,47.1,133,
237,-37.9,136,
227,99.6,138,
236,-122.9,140,
236,14.6,141,
237,152.1,143,
222,-70.3,144,
238,67.2,146,
243,-155.3,148,
239,-17.8,149,
247,119.7,151,
230,-102.8,152,
226,34.7,154,
230,172.2,156,
247,-50.3,157,
236,87.2,159,
229,-135.3,160,
224,2.2,162,
230,139.7,164,
228,-82.7,165,
235,54.8,167,
216,-167.7,168,
226,-30.2,170,
233,107.3,172,
242,-115.2,173,
206,22.3,175,
209,159.8,176,
227,-62.7,178,
247,74.8,180,
220,-147.7,181,
227,-10.2,183,
247,127.3,184,
234,-95.1,186,
238,42.4,188,
227,179.9,189,
244,-42.6,191,
241,94.9,193,
226,-127.6,194,
212,9.9,196,
237,147.4,197,
231,-75.1,199,
232,62.4,201,
230,-160.1,202,
240,-22.6,204,
249,114.9,205,
216,-107.5,207,
219,30.0,209,
247,167.5,210,
248,-55.0,212,
221,82.5,213,
214,-140.0,215,
223,-2.5,217,
240,135.0,218,
232,-87.5,220,
241,50.0,221,
242,-35.0,225,
240,102.5,226,
245,-119.9,228,
247,17.6,229,
231,155.1,231,
244,-67.4,233,
247,70.1,234,
241,-152.4,236,
211,-14.9,237,
241,122.6,239,
207,-99.9,241,
233,37.6,242,
217,175.1,244,
219,-47.4,245,
227,90.1,247,
228,-132.3,249,
246,5.2,250,
234,142.7,252,
236,-79.8,253,
237,57.7,255,
222,-164.8,257,
224,-27.3,258,
229,110.2,260,
228,-112.3,261,
238,25.2,263,
223,162.7,265,
240,-59.8,266,
240,77.7,268,
237,-144.7,270,
217,-7.2,271,
243,130.3,273,
222,-92.2,274,
231,45.3,276,
246,-39.7,279,
235,97.8,281,
216,-124.7,282,
223,12.8,284,
247,150.3,286,
235,-72.2,287,
246,65.3,289,
216,-157.1,290,
224,-19.6,292,
212,117.9,294,
231,-104.6,295,
247,32.9,297,
239,170.4,298,
228,-52.1,300,
18,0.0,297,
31,137.5,275,
40,-85.0,274,
47,52.5,295,
53,-170.0,280,
59,-32.5,256,
64,105.0,299,
69,-117.4,299,
73,20.1,288,
78,157.6,295,
82,-64.9,263,
85,72.6,269,
89,-149.9,299,
93,-12.4,286,
96,125.1,293,
99,-97.4,280,
102,40.1,265,
105,177.6,265,
108,-44.9,264,
111,92.6,290,
114,-129.8,293,
117,7.7,271,
120,145.2,277,
122,-77.3,263,
125,60.2,267,
127,-162.3,295,
130,-24.8,289,
132,112.7,282,
135,-109.8,284,
137,27.7,277,
139,165.2,283,
141,-57.3,253,
144,80.2,291,
146,-142.2,295,
148,-4.7,282,
150,132.8,285,
152,-89.7,292,
154,47.8,266,
158,-37.2,288,
160,100.3,272,
162,-122.2,295,
164,15.3,290,
166,152.8,280,
168,-69.7,285,
170,67.8,272,
172,-154.6,274,
174,-17.1,271,
175,120.4,267,
177,-102.1,298,
179,35.4,286,
181,172.9,274,
183,-49.6,261,
184,87.9,252,
186,-134.6,264,
188,2.9,263,
189,140.4,256,
191,-82.1,258,
193,55.5,266,
194,-167.0,289,
196,-29.5,253,
198,108.0,283,
199,-114.5,285,
31,137.5,-268,
40,-85.0,-291,
48,52.5,-257,
54,-170.0,-299,
60,-32.5,-261,
65,105.0,-266,
70,-117.4,-251,
74,20.1,-293,
78,157.6,-290,
82,-64.9,-276,
86,72.6,-257,
90,-149.9,-288,
93,-12.4,-281,
97,125.1,-290,
100,-97.4,-269,
103,40.1,-270,
106,177.6,-280,
109,-44.9,-290,
112,92.6,-275,
115,-129.8,-283,
118,7.7,-294,
120,145.2,-287,
123,-77.3,-298,
126,60.2,-277,
128,-162.3,-285,
131,-24.8,-297,
133,112.7,-270,
136,-109.8,-296,
138,27.7,-252,
140,165.2,-282,
143,-57.3,-270,
145,80.2,-269,
147,-142.2,-264,
149,-4.7,-261,
151,132.8,-264,
153,-89.7,-280,
156,47.8,-295,
160,-37.2,-286,
162,100.3,-267,
164,-122.2,-278,
166,15.3,-287,
168,152.8,-292,
169,-69.7,-253,
171,67.8,-279,
173,-154.6,-258,
175,-17.1,-266,
177,120.4,-264,
179,-102.1,-287,
181,35.4,-280,
182,172.9,-256,
184,-49.6,-291,
186,87.9,-264,
188,-134.6,-279,
189,2.9,-284,
191,140.4,-298,
193,-82.1,-276,
194,55.5,-299,
196,-167.0,-282,
198,-29.5,-287,
199,108.0,-252,
207,90.0,-300,
231,-47.5,-298,
233,175.0,-297,
236,37.5,-295,
244,-100.0,-294,
242,122.5,-292,
223,-15.0,-290,
245,-152.6,-289,
246,69.9,-287,
249,-67.6,-286,
230,154.9,-284,
248,17.4,-282,
240,-120.1,-281,
236,102.4,-279,
215,-35.1,-278,
239,49.9,-274,
236,-87.6,-273,
247,134.9,-271,
244,-2.6,-270,
248,-140.2,-268,
234,82.3,-266,
247,-55.2,-265,
231,167.3,-263,
236,29.8,-261,
244,-107.7,-260,
227,114.8,-258,
232,-22.7,-257,
227,-160.2,-255,
249,62.3,-253,
214,-75.2,-252,
241,147.3,-250,
215,9.8,-249,
249,-127.8,-247,
248,94.7,-245,
228,-42.8,-244,
250,179.7,-242,
231,42.2,-241,
239,-95.3,-239,
229,127.2,-237,
212,-10.3,-236,
230,-147.8,-234,
228,74.7,-233,
248,-62.8,-231,
250,159.7,-229,
229,22.2,-228,
226,-115.4,-226,
241,107.1,-225,
239,-30.4,-223,
222,-167.9,-221,
244,54.6,-220,
237,-82.9,-218,
250,139.6,-217,
247,2.1,-215,
237,-135.4,-213,
205,87.1,-212,
239,-50.4,-210,
240,172.1,-209,
238,34.5,-207,
230,-103.0,-205,
217,119.5,-204,
208,-18.0,-202,
242,-155.5,-201,
239,67.0,-199,
248,-70.5,-197,
247,152.0,-196,
222,14.5,-194,
250,-123.0,-193,
234,99.5,-191,
220,-38.0,-189,
213,46.9,-186,
248,-90.6,-184,
240,131.9,-183,
242,-5.6,-181,
231,-143.1,-180,
235,79.4,-178,
237,-58.1,-176,
227,164.4,-175,
247,26.9,-173,
242,-110.6,-172,
230,111.9,-170,
230,-25.6,-168,
233,-163.1,-167,
218,59.3,-165,
226,-78.2,-164,
231,144.3,-162,
248,6.8,-160,
241,-130.7,-159,
228,91.8,-157,
205,-45.7,-156,
221,176.8,-154,
235,39.3,-152,
244,-98.2,-151,
224,124.3,-149,
246,-13.2,-148,
248,-150.7,-146,
245,71.7,-144,
247,-65.8,-143,
230,156.7,-141,
226,19.2,-140,
241,-118.3,-138,
236,104.2,-136,
237,-33.3,-135,
241,51.7,-132,
237,-85.8,-130,
240,136.7,-128,
243,-0.8,-127,
230,-138.3,-125,
238,84.1,-124,
223,-53.4,-122,
248,169.1,-120,
245,31.6,-119,
242,-105.9,-117,
224,116.6,-116,
234,-20.9,-114,
236,-158.4,-112,
234,64.1,-111,
237,-73.4,-109,
249,149.1,-107,
249,11.6,-106,
249,-125.9,-104,
236,96.5,-103,
248,-41.0,-101,
221,44.0,-98,
249,-93.5,-96,
220,129.0,-95,
246,-8.5,-93,
245,-146.0,-91,
242,76.5,-90,
221,-61.0,-88,
204,161.5,-87,
205,24.0,-85,
232,-113.5,-83,
245,108.9,-82,
224,-28.6,-80,
248,-166.1,-79,
242,56.4,-77,
244,-81.1,-75,
226,141.4,-74,
217,3.9,-72,
244,-133.6,-71,
232,88.9,-69,
232,-48.6,-67,
240,173.9,-66,
241,36.4,-64,
224,-101.1,-63,
235,121.3,-61,
232,-16.2,-59,
228,-153.7,-58,
249,68.8,-56,
224,-68.7,-55,
233,153.8,-53,
248,16.3,-51,
242,-121.2,-50,
234,101.3,-48,
235,-36.2,-47,
248,48.8,-43,
244,-88.8,-42,
228,133.7,-40,
243,-3.8,-39,
246,-141.3,-37,
229,81.2,-35,
242,-56.3,-34,
233,166.2,-32,
220,28.7,-30,
238,-108.8,-29,
218,113.7,-27,
225,-23.8,-26,
249,-161.3,-24,
217,61.2,-22,
235,-76.4,-21,
247,146.1,-19,
245,8.6,-18,
240,-128.9,-16,
239,93.6,-14,
242,-43.9,-13,
236,178.6,-11,
207,41.1,-10,
238,-96.4,-8,
244,126.1,-6,
247,-11.4,-5,
220,-148.9,-3,
237,73.6,-2,
233,-64.0,0,
229,158.5,2,
230,21.0,3,
228,-116.5,5,
237,106.0,6,
234,-31.5,8,
240,-169.0,10,
240,53.5,11,
221,-84.0,13,
224,138.5,14,
206,1.0,16,
233,-136.5,18,
236,86.0,19,
225,-51.6,21,
248,170.9,22,
242,33.4,24,
244,-104.1,26,
227,118.4,27,
241,-19.1,29,
214,-156.6,30,
247,65.9,32,
226,-71.6,34,
209,150.9,35,
237,13.4,37,
219,-124.1,39,
247,98.4,40,
242,-39.2,42,
222,45.8,45,
236,-91.7,47,
236,130.8,48,
208,-6.7,50,
246,-144.2,51,
245,78.3,53,
221,-59.2,55,
233,163.3,56,
238,25.8,58,
222,-111.7,59,
244,110.8,61,
229,-26.8,63,
249,-164.3,64,
231,58.2,66,
244,-79.3,67,
231,143.2,69,
230,5.7,71,
238,-131.8,72,
234,90.7,74,
225,-46.8,75,
248,175.7,77,
248,38.2,79,
213,-99.3,80,
235,123.2,82,
230,-14.4,83,
249,-151.9,85,
223,70.6,87,
231,-66.9,88,
241,155.6,90,
248,18.1,91,
246,-119.4,93,
228,103.1,95,
235,-34.4,96,
227,50.6,99,
234,-86.9,101,
238,135.6,103,
225,-2.0,104,
240,-139.5,106,
243,83.0,107,
215,-54.5,109,
247,168.0,111,
245,30.5,112,
238,-107.0,114,
240,115.5,116,
225,-22.0,117,
220,-159.5,119,
247,63.0,120,
250,-74.5,122,
232,148.0,124,
214,10.4,125,
241,-127.1,127,
250,95.4,128,
237,-42.1,130,
210,42.9,133,
220,-94.6,135,
225,127.9,136,
233,-9.6,138,
239,-147.1,140,
210,75.4,141,
238,-62.1,143,
223,160.3,144,
215,22.8,146,
235,-114.7,148,
239,107.8,149,
247,-29.7,151,
248,-167.2,152,
237,55.3,154,
233,-82.2,156,
239,140.3,157,
235,2.8,159,
250,-134.7,160,
233,87.8,162,
210,-49.7,164,
231,172.7,165,
219,35.2,167,
250,-102.3,168,
232,120.2,170,
248,-17.3,172,
213,-154.8,173,
229,67.7,175,
227,-69.8,176,
247,152.7,178,
246,15.2,180,
232,-122.3,181,
249,100.2,183,
238,-37.3,184,
237,47.6,188,
228,-89.9,189,
233,132.6,191,
237,-4.9,193,
230,-142.4,194,
236,80.1,196,
211,-57.4,197,
231,165.1,199,
218,27.6,201,
240,-109.9,202,
239,112.6,204,
247,-24.9,205,
222,-162.5,207,
243,60.0,209,
239,-77.5,210,
233,145.0,212,
240,7.5,213,
249,-130.0,215,
218,92.5,217,
205,-45.0,218,
229,177.5,220,
234,40.0,221,
249,-97.5,223,
219,125.0,225,
248,-12.5,226,
239,-150.1,228,
227,72.4,229,
226,-65.1,231,
241,157.4,233,
223,19.9,234,
237,-117.6,236,
208,104.9,237,
219,-32.6,239,
212,52.4,242,
246,-85.1,244,
239,137.4,245,
230,-0.1,247,
246,-137.7,249,
241,84.8,250,
241,-52.7,252,
237,169.8,253,
243,32.3,255,
244,-105.2,257,
249,117.3,258,
233,-20.2,260,
216,-157.7,261,
231,64.8,263,
242,-72.7,265,
245,149.8,266,
240,12.3,268,
247,-125.3,270,
236,97.2,271,
237,-40.3,273,
235,44.7,276,
231,-92.8,278,
237,129.7,279,
239,-7.8,281,
233,-145.3,282,
231,77.2,284,
229,-60.3,286,
250,162.2,287,
232,24.7,289,
213,-112.9,290,
237,109.6,292,
250,-27.9,294,
248,-165.4,295,
233,57.1,297,
226,-80.4,298,
241,142.1,300,
18,90.0,258,
31,-47.5,297,
40,175.0,276,
47,37.5,288,
53,-100.0,276,
59,122.5,261,
64,-15.0,267,
69,-152.6,279,
73,69.9,259,
78,-67.6,284,
82,154.9,296,
85,17.4,288,
89,-120.1,280,
93,102.4,293,
96,-35.1,287,
102,49.9,272,
105,-87.6,280,
108,134.9,271,
111,-2.6,275,
114,-140.2,297,
117,82.3,271,
120,-55.2,267,
122,167.3,287,
125,29.8,296,
127,-107.7,299,
130,114.8,289,
132,-22.7,291,
135,-160.2,266,
137,62.3,292,
139,-75.2,280,
141,147.3,282,
144,9.8,276,
146,-127.8,277,
148,94.7,299,
150,-42.8,297,
152,179.7,270,
154,42.2,283,
156,-95.3,292,
158,127.2,276,
160,-10.3,299,
162,-147.8,281,
164,74.7,256,
166,-62.8,265,
168,159.7,257,
170,22.2,291,
172,-115.4,274,
174,107.1,298,
175,-30.4,293,
177,-167.9,285,
179,54.6,275,
181,-82.9,260,
183,139.6,260,
184,2.1,294,
186,-135.4,277,
188,87.1,261,
189,-50.4,279,
191,172.1,263,
193,34.5,274,
194,-103.0,272,
196,119.5,293,
198,-18.0,268,
199,-155.5,263,
31,-47.5,-292,
40,175.0,-283,
48,37.5,-282,
54,-100.0,-300,
60,122.5,-274,
65,-15.0,-274,
70,-152.6,-269,
74,69.9,-290,
78,-67.6,-293,
82,154.9,-271,
86,17.4,-262,
90,-120.1,-281,
93,102.4,-282,
97,-35.1,-286,
103,49.9,-290,
106,-87.6,-284,
109,134.9,-266,
112,-2.6,-297,
115,-140.2,-265,
118,82.3,-294,
120,-55.2,-290,
123,167.3,-269,
126,29.8,-288,
128,-107.7,-275,
131,114.8,-288,
133,-22.7,-259,
136,-160.2,-284,
138,62.3,-270,
140,-75.2,-259,
143,147.3,-290,
145,9.8,-281,
147,-127.8,-279,
149,94.7,-260,
151,-42.8,-293,
153,179.7,-288,
156,42.2,-282,
158,-95.3,-251,
160,127.2,-277,
162,-10.3,-297,
164,-147.8,-292,
166,74.7,-299,
168,-62.8,-288,
169,159.7,-284,
171,22.2,-296,
173,-115.4,-297,
175,107.1,-273,
177,-30.4,-277,
179,-167.9,-265,
181,54.6,-293,
182,-82.9,-268,
184,139.6,-275,
186,2.1,-285,
188,-135.4,-284,
189,87.1,-251,
191,-50.4,-295,
193,172.1,-293,
194,34.5,-272,
196,-103.0,-282,
198,119.5,-277,
199,-18.0,-275,
